UserID,nome,mensagem
1, Fabio,"<think>
Okay, the user wants a message for Fabio about the importance of investments, max 100 characters. Let me start by understanding the key points. The main idea is to highlight why investing is important. Maybe mention growth, security, or future goals.

Need to keep it concise"
2, Jose,"<think>
Okay, the user wants a message for Jose about the importance of investments, max 100 characters. Let me start by understanding the key points. They need to highlight why investing is important. Maybe mention growth, security, or future goals.

First, I should address Jose by name"
3, Carlos,"<think>
Okay, the user wants a message for Carlos about the importance of investments, max 100 characters. Let me start by understanding the key points. The main idea is to highlight why investing is important. Maybe mention growth, financial security, or beating inflation. Need to keep it concise"
4, Antonio,"<think>
Okay, the user wants a message for Antonio about the importance of investments, max 100 characters. Let me start by understanding the key points. The main goal is to highlight why investing is important. I need to make it concise but impactful.

First, maybe start with a friendly"
5, Chica,"<think>
Okay, the user wants a message for ""Chica"" about the importance of investments, max 100 characters. Let me start by understanding the key elements here. The audience is Chica, which might be a nickname or a name, so the tone should be friendly and approach"
